# schema	kj.music.inventory/1
# root	J:\jubilujah.com\music\children\party-giggles
# albums	30
# tracks	379
# bytes	1406776400
# albums_with_duplicate_track_numbers	2
# duplicate	IX429EN-fireflies-flourish-bright	1,2,3,4,5,6,7,8,9,10,11,12
# duplicate	IX430EN-nala-the-donkey	4,5,6,8,9
album	track	file	bytes	sha256
IX401EN-rooster-s-jamboree	1	01_cluckin-and-crackin-up.mp3	3864472	dcb15bb57ae59bf6947aa691e6fd2339cacd80b4fcd131cf361002656d1b9420
IX401EN-rooster-s-jamboree	2	02_cha-cha-cluckin-fiesta.mp3	3831064	573a7395a7978bb5cd26fcccd8dac3b344d995aaf97a510abb8c0142a8b69eaf
IX401EN-rooster-s-jamboree	3	03_feathered-fumble-graceful-rise.mp3	2672152	c51e7602a29ecf3f42df899f466f8d308cfdd6bff38accd97bb19a6a04ae4f9d
IX401EN-rooster-s-jamboree	4	04_groove-like-a-funky-rooster.mp3	3381784	057ab78add5fc25109b8a94aebbefec51177285ac0c7748b82c88cfc9ad60422
IX401EN-rooster-s-jamboree	5	05_feathers-friends-and-faithful-fights.mp3	3042520	e5771d9fda0e89ebe93cde69921f829849b936d5c5111be11e2efee6c429b605
IX401EN-rooster-s-jamboree	6	06_doodle-doo-dawn-breaker.mp3	4770520	b7e7b5e5780c8cf93401c6b8c7669d1038f79807e30fb4a203bea5bd949398bf
IX401EN-rooster-s-jamboree	7	07_mission-cluck-possible.mp3	4115032	c9fce7922d9170a276814c7bd97dd737a8eea639f6263ba807b504a65c0eab40
IX401EN-rooster-s-jamboree	8	08_cock-a-doodle-dream-awaken.mp3	4416280	8c67d008096c076e5b52208461c41a4592f44c25c490a329318baac791c8e9da
IX401EN-rooster-s-jamboree	9	09_mountain-top-crow-down.mp3	4203160	3bb68658795a2878fc7a86eec8d91aa29864c79198a58dc2b558a85353cb30ae
IX401EN-rooster-s-jamboree	10	10_barnyard-boot-scootin-hoot.mp3	3912280	e17f1843fa2ec6f72e6a07a9399b498c5523740322294e34e48df74a0e4fd632
IX401EN-rooster-s-jamboree	11	11_cluck-n-roll-crowdown.mp3	3859864	986e7751010f5796261b6c29b39014ee5d7ad25df78912b267c103a4770c79eb
IX401EN-rooster-s-jamboree	12	12_feathered-faith-defender.mp3	4012504	3eeff9fd90b92644a5e2f0d36536f281b67674d0e46a70b7f5a40b2cff48f8c4
IX402EN-pug-s-snorty-gras	1	01_rise-up-and-bark.mp3	3438283	b39089a1ab386aca506d0f0a1cc8c09cd72b43ad35018071d9832fdcdfcaac91
IX402EN-pug-s-snorty-gras	2	02_pug-superheroes.mp3	5026313	3a1e853aa69d2dd5532aad33d22aff729e6d9d30d6d594ecfe63d50d53380a0f
IX402EN-pug-s-snorty-gras	3	03_pug-pirates-of-the-caribbean.mp3	3119779	0d2e4f090e58b6d91df3d2b55f7f8137536f91a4578e794e48bba1085e2a68ba
IX402EN-pug-s-snorty-gras	4	04_battle-bark.mp3	3341505	782eefe32f0320e4339e9dc54b21faa20c54ccb7e6a6df97435b5d60e6672119
IX402EN-pug-s-snorty-gras	5	05_the-last-amen.mp3	5082759	7d1ff7b718863856906e8f26dd0b57b9f5d79ffe559c5989f09fbf982ec2c4d7
IX402EN-pug-s-snorty-gras	6	06_miracles-in-the-mud.mp3	4812049	74efb10de4f58a74c9389a4bbcc0499f9f43f0e9b058f27593467cf6bb4a9ef1
IX402EN-pug-s-snorty-gras	7	07_mission-im-pug-sible.mp3	3033979	47293e3d1840cc80015acd6cf74829d6aa818740d3390302fe1ef1881323ed30
IX402EN-pug-s-snorty-gras	8	08_pug-ninja-praise.mp3	3598411	0123fb96a201385b86d667cb4102048b4ec7bf4a1cfaf57ec770585e8de29051
IX402EN-pug-s-snorty-gras	9	09_pug-olympic-athletes.mp3	4373139	45f17c9fa2b75c93819f41ac27f8142c915aced2d88d782b5d3d805ff49669bb
IX402EN-pug-s-snorty-gras	10	10_pug-detective-agency.mp3	3101331	f09bd25540d506ec2ef3453f550d4130908fe05ffed6d8c2e6bb320cdfe280d9
IX402EN-pug-s-snorty-gras	11	11_grindin-with-grace.mp3	4852369	5e65c9868afc4b3f1abf913726fa8bf6dfab7e55cf6da0ccd212725a243f910a
IX402EN-pug-s-snorty-gras	12	12_pug-president-leading-with-love.mp3	4886957	b7694d3f24cb2c3ef5a2be9913a8b73a64cab8f277fe3fafbae5affb5b914b54
IX403EN-gator-s-jazzy-jam	1	01_groove-like-gator.mp3	5676823	0dd4f71a616ba19ea26b8c0c054d418121ea1016d17738da3708f47c96d15577
IX403EN-gator-s-jazzy-jam	2	02_thanks-in-the-keys.mp3	3332879	d409ef9b39eb961ba04459582b15f011af6c87fff92cbcc486c8c044208be6b7
IX403EN-gator-s-jazzy-jam	3	03_blow-humble-not-loud.mp3	3707869	4f94b540c6c25f42f3761754a8fdd8bcbee5b9cbcb5560ae0b15dee076658276
IX403EN-gator-s-jazzy-jam	4	04_swamp-parade-shuffle.mp3	3491859	2fdf96d7540964dc349fac2a22693e670f5a7963b6f2244af9c7801cd5526030
IX403EN-gator-s-jazzy-jam	5	05_jazz-hands-of-grace.mp3	4210129	193dd3d12fbbc994f5bd1416c08ac588b910a5f06af5e344aa24703dd319a252
IX403EN-gator-s-jazzy-jam	6	06_walk-right-funk-right.mp3	2820823	9b65a46765042285ee015eec63165cb5838491ea288f0ad180d1c7a32fbbffb7
IX403EN-gator-s-jazzy-jam	7	07_bravery-beat.mp3	5582723	b602f19db503e4c0998d7e027be57bfd5e58ff18c148dd0ad8a78719bed38837
IX403EN-gator-s-jazzy-jam	8	08_jam-with-a-friend.mp3	3759117	8027956243579ef0967c7adfbc64db181f583b2f5bcd67e1e4a156f325e1bb4a
IX403EN-gator-s-jazzy-jam	9	09_shine-bright-blow-big.mp3	4249305	2ac991ad2f22bb130de87f25c275c931a95f672280ca330993c8e8ef66d93e8e
IX403EN-gator-s-jazzy-jam	10	10_faith-relay-groove.mp3	5105807	91614de1fbcd3e1efc09e4f4776de9c6e7bbfaa565410e078eb8af2cfcca9f58
IX403EN-gator-s-jazzy-jam	11	11_trust-the-tune.mp3	3850119	5fafdb25b6522d7333593d06f3ceef8d6f5603d646f61abe61cc240f2399a86c
IX403EN-gator-s-jazzy-jam	12	12_ambassadors-in-brass.mp3	4179603	653947b99a433ab101f6e8721e8fbdb8d3437de1b6f5bbb1d31f0eca81326044
IX404EN-elephant-s-jungle-jamboree	1	01_big-ears-big-faith.mp3	4071121	7bafd556c99a8a16110f97805387c64c9de687bb235115abc390e646f3f618b5
IX404EN-elephant-s-jungle-jamboree	2	02_stomp-out-doubt.mp3	4960747	8ca0326b8180441b7dc3d01d95dac6d28b5753c31996299987ae16abc13a791c
IX404EN-elephant-s-jungle-jamboree	3	03_swingin-with-the-savior.mp3	4748963	74a6fefe1604be8eeabbaaa7b865c576a88fcf6d1442d3d034264d4c7b67046d
IX404EN-elephant-s-jungle-jamboree	4	04_roar-for-the-lord.mp3	4032671	eb3ecda62a0f228970c92d8a68cca99248df602577a1a400e615d5394ccbecac
IX404EN-elephant-s-jungle-jamboree	5	05_earsby-hears-and-praises.mp3	4646077	71a49484a71d7ac2e0de12cecb4f0f48f1659621e000156fde5595bf1f644a0b
IX404EN-elephant-s-jungle-jamboree	6	06_earsbys-echo-in-the-jungle.mp3	3480761	5669137a095077814616b713ce8659e7eb28390539f267fe414f714de12e3d2d
IX404EN-elephant-s-jungle-jamboree	7	07_ears-up-march-out.mp3	3091561	2c8ffb87fcf5d5cce7894b7e44dd12b468c9719a81b108a15b34b799bf494618
IX404EN-elephant-s-jungle-jamboree	8	08_yes-lord-i-hear-you.mp3	3709423	5115a58e738b1a53d9f83e8bff9f713f68696df294ab15608289ad1a3613c5e8
IX404EN-elephant-s-jungle-jamboree	9	09_the-drumbeat-says-go.mp3	3656933	043722934c7ea07307b84a2c9789564db0d4ed45a07aedb1a8e9f1c943c03461
IX404EN-elephant-s-jungle-jamboree	10	10_follow-the-elephants-stampede.mp3	3789169	3188e1048eb28e98867aed1b8b0c7fb80f522acfee1842ba5aedaf5ddcf11fe4
IX404EN-elephant-s-jungle-jamboree	11	11_boom-boom-bam-bam.mp3	3211919	1d3595cdf4fec7613793b52e1bec01e1a2014216305820b3ab8e7260d7c2633f
IX404EN-elephant-s-jungle-jamboree	12	12_last-call-of-the-wild.mp3	3352181	340fe4275e0fb64417158d8ff23b2bc858d8fe47c74f4d4369c1ef0a1d3c3931
IX405EN-peacock-s-palace-parade	1	01_bow-like-a-peacock.mp3	3977495	b94b4f7959041302a473b4f532bd21de565c8d7110587f6a3a09bc9473058b06
IX405EN-peacock-s-palace-parade	2	02_feathers-in-the-mirror.mp3	3592711	42f4f396821a6ad7c51b701da704c5e8d1aa9a816ad187e66aa865056688a8b9
IX405EN-peacock-s-palace-parade	3	03_rickshaw-praise-parade.mp3	3349279	ea383b3b37ad899fec2e1a35a8ae32a4911b248d91b55f38e77291940bc33288
IX405EN-peacock-s-palace-parade	4	04_turban-tango-twirl.mp3	4674623	b66d4c519059c75202220ef962db8409344752905d0b79806dbda802e275ddae
IX405EN-peacock-s-palace-parade	5	05_curry-praise-cravings.mp3	4139141	259d8a2ccde54e16b739792047c3a95d17533660640e24cd27c604e39769cbe7
IX405EN-peacock-s-palace-parade	6	06_who-took-my-colors.mp3	5154721	a9b084bc68b7a7d10755e54cdaf97a9ecf150383163ddd2435288acb5074d524
IX405EN-peacock-s-palace-parade	7	07_peacock-popcorn-praise.mp3	4051879	7e3f17df1a234debc6c500378231b8f35f5c8348a909b1caa271bf376407b3c1
IX405EN-peacock-s-palace-parade	8	08_peacah-lujah-polka.mp3	4021731	d3ed2b551e14fb21467cd076ad26a8ae8ee1af2a789389af4667bceab67d5adf
IX405EN-peacock-s-palace-parade	9	09_saree-swirl-celebration.mp3	3624537	2d1106f7eaebc8c8590b0cdcaec4e5d2fefe20d31308ab5688dfd4a622629455
IX405EN-peacock-s-palace-parade	10	10_paneer-polka-praise.mp3	4333057	6423da003e340504b10f7f8b4f909bfa82bb50a48b8e669f3d2cda6d7a2430e8
IX405EN-peacock-s-palace-parade	11	11_paint-the-world-with-praise.mp3	3946577	76920c1cc0f94b45af2ba8c8a48ed3ec74e1b18239c2a36c315af772f0e4640d
IX405EN-peacock-s-palace-parade	12	12_peacocks-palace-palooza.mp3	2550995	75d3186462fe372488eaf8c5185161ddffa225ee6b6a7de86c8c5e4f8af787ac
IX406EN-tiki-s-pirate-fiesta	1	01_blessed-to-be-a-blessing.mp3	3623243	28fb115330f855987f0b597296b17ece0a63b587493037dd39a56e7c0c5498ba
IX406EN-tiki-s-pirate-fiesta	2	02_dance-party-in-the-rain.mp3	4135641	1bef5e1454f0f4f7a80a554706ea829aaa84fa31bc4ca8887db9ab2ec35bb757
IX406EN-tiki-s-pirate-fiesta	3	03_rain-blessings-from-the-throne.mp3	4934831	510f11b72b15d74eb2cc7ada8e25b2d1f62b61b0af1d5a6e5231261de9c47179
IX406EN-tiki-s-pirate-fiesta	4	04_showers-of-yes.mp3	5038913	69ee401aad44f47e420764206e31068e07b29e2292b87446f3157f5ff56894a9
IX406EN-tiki-s-pirate-fiesta	5	05_gods-blessings-are-chasing-me.mp3	4320887	779b3a80721dec06d550151a1dc4ac7e133470f43097abd490a25d2a997e19ff
IX406EN-tiki-s-pirate-fiesta	6	06_heavens-blessings-are-direct-deposit.mp3	3450277	cb63d051fe278935f25cf407c0c70077aa24be8a36a5e29abdb239c5fd686a6b
IX406EN-tiki-s-pirate-fiesta	7	07_i-got-heavens-credit-card.mp3	3552471	e91360362fea6ab33dace95489e9559144115b14055e68365ed360416c046f83
IX406EN-tiki-s-pirate-fiesta	8	08_i-got-blessings-from-heaven.mp3	4066481	83fb895727bc59987ebdbb9a4a532cf7b0934bc688d52cbebe252b86e9374f3f
IX406EN-tiki-s-pirate-fiesta	9	09_heavens-treasure-chest.mp3	4023633	d5afe4d84fc2b84d19dcc82a665692e85d53a0b4474dd21b2256996f70ead710
IX406EN-tiki-s-pirate-fiesta	10	10_blessings-dont-expire.mp3	3626904	aae391afe3dc45126c43fd268f82e442e7072812941861ef8cf3ec942f80cb60
IX406EN-tiki-s-pirate-fiesta	11	11_blessing-parade.mp3	5091283	ce7cbf846db5b006283a4cfc30f82a0daa4a28d62766c2e232e7609a0597ac6b
IX406EN-tiki-s-pirate-fiesta	12	12_the-blessing-beat-drop.mp3	4403601	fd8922691fdc3c909653deefc8207762c1f334a7d0a0779661bc096a22cb373a
IX407EN-fox-s-forest-masquerade	1	01_mask-of-joy.mp3	4605249	2bb1d9246f39febb4260afdc72bdc780df80660677084dd95c4208535cf2c4ae
IX407EN-fox-s-forest-masquerade	2	02_my-whiskers-praise-jesus.mp3	2556635	0727dede3fb778e4643923ffb537eea27600a6c1cc5e364a04ac454321263489
IX407EN-fox-s-forest-masquerade	3	03_tailspin-praise-confetti.mp3	3605243	3cb742306cdff19f05235adf60bbc0688330198c78a9a6e0992b8031db1f9246
IX407EN-fox-s-forest-masquerade	4	04_praise-lantern-fireworks.mp3	4790939	bc48531b2aa0831ee2b0a826ce9e233f32bf9fd8d29d7488cb1ccd4c0fb7277f
IX407EN-fox-s-forest-masquerade	5	05_echo-dance-in-bamboo-forest.mp3	4261601	502b3c8c71e528ecb651de6c90e98ef8721004e44f069cb5877b117c78f9b554
IX407EN-fox-s-forest-masquerade	6	06_mask-parade-for-the-king.mp3	4588811	8f5372d066c401b15e25ef5ef1dc6c4f9689a3170305879a8cc67224c0a7bc1b
IX407EN-fox-s-forest-masquerade	7	07_sneaky-blessing-blitz.mp3	4313911	7d45ec5d26fc592a40c756a86cbe0f185df85e876a7b605536edc11e2976acd1
IX407EN-fox-s-forest-masquerade	8	08_fox-con-hero-praise.mp3	4221409	0c19d20b150c4716f31b37d805ae022fb919c851353b28d35fe3108da423fd7d
IX407EN-fox-s-forest-masquerade	9	09_fox-fan-club-picnic-praise.mp3	3173055	12dd65b9bf6280d65eb28139e3b5add8b93bcb2e8dcb936cf7565f76f11edbd8
IX407EN-fox-s-forest-masquerade	10	10_feathers-and-fur-for-the-king.mp3	2959463	c98019bf8a1a871c61db1b881dec7d1f9234ee03acbfc31e394430452817a606
IX407EN-fox-s-forest-masquerade	11	11_shake-that-tail-for-jesus.mp3	3289789	314188de3a8e1a1c04c526178df5548019b7afde45663192eb58863dce1bd993
IX407EN-fox-s-forest-masquerade	12	12_mask-off-praise-on.mp3	3236955	3d37007b7eda91df16666170eba63acebb4d66f5a62d5914d78cebd15f8dd6e8
IX408EN-tiger-s-tango	1	01_i-found-my-praise-word-tiggy-lujah.mp3	3197797	db5289815634ce3c8c08dfc590186171c6386f4d2077f595cbf17eb4d053aa37
IX408EN-tiger-s-tango	2	02_roar-a-lujah-roar-all-the-time.mp3	4514789	03807922034152d45cd35d0bb7bf48fc3050e7f2d633b891ff46236ac11df9c8
IX408EN-tiger-s-tango	3	03_tiggy-said-yes.mp3	2688305	01e44b95f40d68379f23dc8528f2afa74bfa813958078b9b0f0c817062f14290
IX408EN-tiger-s-tango	4	04_i-just-cant-stop-bouncin.mp3	2630463	ab6d8632cfb084f17f3a353a57d8685206bf316e4ab6725f75c2108b86d105c1
IX408EN-tiger-s-tango	5	05_shake-the-jungle-with-my-praise.mp3	4547497	0ec6f646218d386d37c0abf30ffc16aa0ab1e071c028cab80bcdc7a29db5e83b
IX408EN-tiger-s-tango	6	06_my-tail-can-praise-too.mp3	3012249	8fcd0e47294998c6640852efa38f54d9f32b1ccefd24683dedaa4ae879a48e9e
IX408EN-tiger-s-tango	7	07_thank-you-jungle-style.mp3	2719499	5f6ae2858e257debc96eb5a5e36777e4e4df44770e11108b4e4bcbd5dabee8e9
IX408EN-tiger-s-tango	8	08_jungle-juice-joy.mp3	2667477	35c33e7d3c6273b5e568a296efecf10082b9713e9bd44e051a808a7eab669dc3
IX408EN-tiger-s-tango	9	09_stomp-your-stripes-off.mp3	3201057	55031430498952df3af0bae5d1aab15d2ffc6b8af015c158ed4d9456c8f69e4c
IX408EN-tiger-s-tango	10	10_double-praise-twirl.mp3	3125235	81d63a97a9b245b5ea6427aed3e16327e1d4057df027633c33797725f0a91c83
IX408EN-tiger-s-tango	11	11_jungle-says-yes.mp3	3304651	f637119e1f6152edafb3febff1f4c316561e0f11b8d2545d7845fa0aa62f65bd
IX408EN-tiger-s-tango	12	12_tiger-tango-jungle-swing.mp3	3175859	5b6f369ba13f7dabc883371f85de133a941eeb8844b5d5265ec9f1cdd77f06d9
IX409EN-kangaroo-s-boomerang-bash	1	01_bounce-a-lujah.mp3	3471209	a709d9415e5c657b195e5feb0f3f06a73f380e84ac6c31191691ca0cbdf83323
IX409EN-kangaroo-s-boomerang-bash	2	02_boomerang-praise.mp3	3918307	896cad640c1da35845392e3ea4e2e81924b1c2bf3bd00dc6d5cdd2742fe2b321
IX409EN-kangaroo-s-boomerang-bash	3	03_outback-hooray.mp3	5253908	89a0891269e68d34184a569caae1eb4e16be5f50fa8eaa488d7b369d9293bfad
IX409EN-kangaroo-s-boomerang-bash	4	04_joey-jump-jam.mp3	2137623	d5e155965e2f01139834900dcc4a56a64e2bef9ef408dc66f7562a1e0814ad44
IX409EN-kangaroo-s-boomerang-bash	5	05_boomers-outback-bounce-off.mp3	3451027	d7ea78ddda336325bbecc5a5e7f130d467b7571957d2394cd478141baefaa030
IX409EN-kangaroo-s-boomerang-bash	6	06_outback-obstacle-praise-edit.mp3	3722759	f63fca108233faa3f28c1ba9d553e1fc7b25ae176243429ad13945d46b2b04db
IX409EN-kangaroo-s-boomerang-bash	7	07_bush-track-blessings.mp3	4028787	474be6f3223ad1ce84447bd0e841f0d729f652d42203f098f9c26b5f060a3460
IX409EN-kangaroo-s-boomerang-bash	8	08_jesus-in-the-jump.mp3	2841957	9a1980d5c88e43e51a9edf91aaa298be0004c2e2899b27d1716042b036dbdd56
IX409EN-kangaroo-s-boomerang-bash	9	09_boxin-doubt-aussie-style.mp3	3335225	acd3c55d7d393f332c707043fa5a2c38fdb383211126a95897789158c95b3933
IX409EN-kangaroo-s-boomerang-bash	10	10_outback-shout.mp3	3173463	1c1095dc4cd191fbd7dbcf8801428d1546ad8dada938f4cd3293be8381ffaa98
IX409EN-kangaroo-s-boomerang-bash	11	11_boomerang-blessings.mp3	4288345	833883219aff8435d86d2478379216b7e1b21b0eaa677e5d677f19ef11065920
IX409EN-kangaroo-s-boomerang-bash	12	12_kangaroo-kingdom-bounce.mp3	3920325	055cd45978f7940b896b9a963a042bc55ff26120240ff15bc0b8ffcd15bf898c
IX410EN-hard-hydes-stomp	1	01_deputized-by-the-king.mp3	3676901	dda9173f18746b37a0d39f927df4901ce10e03d729fcc136f234573cf94ae2e6
IX410EN-hard-hydes-stomp	2	02_deputized-to-do-whats-right.mp3	3778821	a0a13cae0ec3280ae6563e726972cea0a789a4233ed5d5ddb01465d7de507427
IX410EN-hard-hydes-stomp	3	03_cow-tippin-aint-my-callin.mp3	4525771	a76e9d3b0eb6a6453b384c176bc87859dcdada0b2b1ccc03b38c2e27e3f21255
IX410EN-hard-hydes-stomp	4	04_talkin-straight-to-the-throne.mp3	3703271	1f8f230ab7563a43d92645256265948e82231d608a95aae2b351046755bd968d
IX410EN-hard-hydes-stomp	5	05_stomp-on-the-snake.mp3	3470065	d70360cb8aa8285acab2595a0056a687b435c4a0d83bf1158f6bfa93b72e11ed
IX410EN-hard-hydes-stomp	6	06_wanted-heart-full-of-faith.mp3	4027817	ee3105a9e2421d38da1c6f4659430e81a45862ba8dbd3ab89ec6e039582dfee7
IX410EN-hard-hydes-stomp	7	07_standin-strong-in-my-boots.mp3	4309625	78dc8da9ef4ae090f4430f60c107816829156d7e819e22aceeb3acfea87b63c2
IX410EN-hard-hydes-stomp	8	08_deputy-oink-and-the-hogwash-bandits.mp3	3738345	411376c553099e1e7eef0d65220fcd3b489ace28336a88f015293a9fb8594258
IX410EN-hard-hydes-stomp	9	09_sheriff-hyde-and-the-quack-attack.mp3	4395559	f2e119510493f1ff1ae01af08712c5fc20d97ee6882e69819a651ab8ec8b127e
IX410EN-hard-hydes-stomp	10	10_theres-power-in-that-name.mp3	4146737	35f11e4e5a51d8d1d857f915091c75bcd61ee1544aeeeb75952ca13706b7fd87
IX410EN-hard-hydes-stomp	11	11_slick-the-snake-and-the-slippery-lies.mp3	4596229	c2a9469480769faac4747993df8c66105ce566297c95ef2172cee5b34fb7d16f
IX410EN-hard-hydes-stomp	12	12_ride-it-out-sheriff-shout.mp3	3380153	a03b3e75e5616ae38b5f44be3a062f43853e90009a9bc916ab154e1bc7a906ad
IX410EN-hard-hydes-stomp	13	13_the-chicken-rodeo.mp3	3730269	dc08127775566cbb9916f74f9053e8108a45f03fa95e440ae6cd84245847ab59
IX410EN-hard-hydes-stomp	14	14_deputy-bark-and-the-barkin-orders.mp3	3139063	990fe96da5fbdf4c82e338ed5458d640c9771e4424e911b0e7489e578d2b4cfc
IX411EN-monkey-s-banana-bash	1	01_monkeys-banana-bash.mp3	4079355	5feacea4c39e1332a1a9daec8e4c400e810e83bc99b7a3c6d7c6e525f14dbd6a
IX411EN-monkey-s-banana-bash	2	02_jump-for-jesus.mp3	3577265	dfe1592a170d0f203708b56279b32ab3ebb86834b2aa183b9ee776d174676cd3
IX411EN-monkey-s-banana-bash	3	03_swing-when-he-says-swing.mp3	4168789	5e31876ca8de0942def3b30e1d03f4ea2b861cb657922f984c8f34445ee88771
IX411EN-monkey-s-banana-bash	4	04_banana-blessings.mp3	4122357	0c0f49950b7102402438fe901ce656c228dd49f56fc056e246043322c47a74af
IX411EN-monkey-s-banana-bash	5	05_tickle-the-tambourine.mp3	4851029	a7c539c50fc33b54678fa75608104820151a322ba0b85aeb0e2066b9c40bd89f
IX411EN-monkey-s-banana-bash	6	06_monkey-see-monkey-pray.mp3	4105713	2a8d38ce9fb80e51f111cfe2a80df3e74e5f62ce67c08612e8c75b788ea3f1a2
IX411EN-monkey-s-banana-bash	7	07_momos-mighty-praise.mp3	4128795	16b6c94804c66466e79d881394088e2ba6c29c9ade6910d726b14ccdc3c242fc
IX411EN-monkey-s-banana-bash	8	08_banana-beat-parade.mp3	3398831	77735b94da839e7c1a8e5193bb2251654b0f581f3dede47fbf4765fe38c6505c
IX411EN-monkey-s-banana-bash	9	09_too-loud-for-lies.mp3	4514423	b80097044a9b65a421d258c8c5ae7b9b066c3389bab6221f567cab80c350e07d
IX411EN-monkey-s-banana-bash	10	10_monkey-mess-gods-best.mp3	3823113	6f4cb111031b87e6781297b444813eb8f0a82b57562487efcfb599fc8a7101e8
IX411EN-monkey-s-banana-bash	11	11_dont-slip-on-that-banana.mp3	5129895	a21dc2e73dfffde492a7aed405c92e7e8a338ab70a29aa5055dfa44e1b4ca109
IX411EN-monkey-s-banana-bash	12	12_the-last-banana-blessing.mp3	4253027	93cc0cbd1227afcca479f271168bd952b6ca5db0bb7ebb12bb2c649ae6cf8892
IX412EN-jammin-jungle-king	1	01_zion-lujah-anthem.mp3	3627525	7aadace19c887003423e6d24748deae9229a934d6bb6be565e016b7e49c14e13
IX412EN-jammin-jungle-king	2	02_im-built-to-reign.mp3	3004295	94a0701e73603ec18fbade80d9d2b117a8d534bdca6d7b1f9f94ed12c6d7f2ef
IX412EN-jammin-jungle-king	3	03_stand-tall-roar-loud.mp3	3640639	1266dd2b09af71520db8b8c3f9e925161131c0a2dd797c0cac11c763883042e3
IX412EN-jammin-jungle-king	4	04_bounce-that-faith.mp3	2725125	82a18757d6151c49ab882fcd1d8dadcdf4066593a31a27e2d8aba2db14c2c90b
IX412EN-jammin-jungle-king	5	05_roar-remix-revival.mp3	2256671	727351514ab8ce4dc66b3939737ad673670d8a57b9178b1123a84ff0c16cedfa
IX412EN-jammin-jungle-king	6	06_bounce-it-like-a-king.mp3	3037661	f7b7c2a69184c81b88b64a013fa4a391973328d2c9009ca0ddab77b65303bc63
IX412EN-jammin-jungle-king	7	07_crown-on-sideways.mp3	2955837	b369ff8f135a75b8fde0d568d1b31ba5d8c1a0a8f92a60dd1f5ad40ac510309e
IX412EN-jammin-jungle-king	8	08_tail-drums-thunder-feet.mp3	2681677	4e7f51cfdb64e31a7cfc34a1b02e0d6b20fdfbef51684bacf76d2de42d9980ea
IX412EN-jammin-jungle-king	9	09_roars-beyond-time.mp3	4246941	7fe924fdbb42be6cc1a40c99bfd6e38e446e50d3c5c1849d479736d996588ae1
IX412EN-jammin-jungle-king	10	10_lion-the-lamb-bbq-jam.mp3	4365681	64fb26a33b3364b0c8098a34be73065e8ee10ff611b33e719e6dd11a00bf4e35
IX412EN-jammin-jungle-king	11	11_mane-thing-im-made-for.mp3	3710961	00ed555dc9097e2427d83434862e9bb9329bfa0541efc8f7e0adf0edcfb2e60b
IX412EN-jammin-jungle-king	12	12_holy-banana-boogie.mp3	3705937	fc8af4f754164ca3d33db0fdccaecb9a115b8da76b7fd14181ddd73d534e6740
IX413EN-hoot-s-moonlight-ball	1	01_invitation-to-the-moonlight-ball.mp3	3558483	6de0d96f3a6c87d20a1153f995d42198113d0aabdc6fca6502250d392015cf34
IX413EN-hoot-s-moonlight-ball	2	02_whooo-knows-best.mp3	3108213	67295107cdadd8431220311ba8e45411a09e9327ddb26162cdcb2748a7c4d980
IX413EN-hoot-s-moonlight-ball	3	03_feather-vs-chalkboard.mp3	3846391	23e784f42c44b80f1e5d7e653cd05ef85e0ea9590a9dfe7b37b1c805644f5a08
IX413EN-hoot-s-moonlight-ball	4	04_the-pinecone-debate.mp3	3626497	cd09306715ea8d3d2859621fd5f46bf01d37b8e7af3467e7383bf96972edf2cd
IX413EN-hoot-s-moonlight-ball	5	05_bubblegum-brains-bible-eyes.mp3	7140741	99210e9ebaf2d51570327950b1ea3d990d14d1c16b39dd8a32b699c5456f5e4a
IX413EN-hoot-s-moonlight-ball	6	06_midnight-owlphabet.mp3	5184503	ee3995529bbbd6754e6d3e8973200295e12c044e12e3abde8e1a731d2def2631
IX413EN-hoot-s-moonlight-ball	7	07_think-twig-tug-of-war.mp3	2970629	49aff93ead85c0d64a5de97409e0d38182b8e5ebb24756c7890c425dcafb7bf2
IX413EN-hoot-s-moonlight-ball	8	08_lantern-in-the-brain-fog.mp3	3707651	7a1350f377127891d5157d449eb5e714e3bd17f117559e4ef44de82f32df9436
IX413EN-hoot-s-moonlight-ball	9	09_the-dandelion-argument.mp3	4099735	a67a340d1cf0a7fc13061393d8b8f6c3f5e3221005ba40c2735638182566f340
IX413EN-hoot-s-moonlight-ball	10	10_owlthermometer-wisdom.mp3	3376157	90628078b1efd70f8abd5a479de3c75c7b2f3ac224617b779fdb83b33ba19898
IX413EN-hoot-s-moonlight-ball	11	11_the-thought-parade.mp3	2747183	ac0494310a3a9f1b3ab3f5df49f83cd911704b6932421570447fde52e9c5c68a
IX413EN-hoot-s-moonlight-ball	12	12_hoots-moonlight-ball.mp3	4041341	25cf629171c92916eccf5cbc974474e8f21233a20fe69640e36686c9d9dac0d2
IX414EN-whale-waltz	1	01_welcome-to-the-whale-waltz.mp3	2703929	98ad7275e035b0f54892edd90fec402d2c3de4105f292975c947bde911e1c719
IX414EN-whale-waltz	2	02_bubbles-of-blessing.mp3	2843809	bebb721fccf4a786542c053717063ac3de1d1dcee1f3f82969db8e893427e371
IX414EN-whale-waltz	3	03_swim-side-by-side.mp3	3616341	9872dda50ee468dfa08016d43f09f632a705b06bd4ce9b62477e585f6e5b4b1c
IX414EN-whale-waltz	4	04_im-made-to-twirl.mp3	3120839	4e8b57bdb564eecac9b8dfc18cfb7da63c82af575cf78dc6c89a4bc2811190a9
IX414EN-whale-waltz	5	05_wake-up-and-whale.mp3	2927975	eef8db312d65a9313a8b139e6f55e5fff6a04dcbf6d9c91e37af6c3643dc3550
IX414EN-whale-waltz	6	06_splash-zone-superstar.mp3	2631127	337c3cbcf989e3a780408bfb7bd0cfc5134ae4c5efd4f35851058e0a26871787
IX414EN-whale-waltz	7	07_waltzing-in-the-waves.mp3	3781397	2379348c7fdaa8b0fb6844975dc741248d6efb1ce4a6325fb84723871fc6d0d0
IX414EN-whale-waltz	8	08_splash-choir.mp3	3348323	9ffa2349f45bb3469d70d32ce29d1a4080a4db9f886b9e2c3c89207c82f386ee
IX414EN-whale-waltz	9	09_bubble-blasts-for-jesus.mp3	3147249	6dee29da79454b6e32e56bc74b67590a71888bc95754a942806d29eee40a971a
IX414EN-whale-waltz	10	10_bubbles-did-a-double-praise-twirl.mp3	3407213	d38c0a2aefbd60ada9b977e72d6702e1300a380e5b3e0424f15f173c531721c4
IX414EN-whale-waltz	11	11_joy-splashes-everywhere.mp3	3310785	24dac650d51e844c264193dc746935d597615a091fe10050d695afae2752636b
IX414EN-whale-waltz	12	12_one-last-bubble-lujah.mp3	3456871	f8682feba3979dc6391e1c33c7dfa1cc6ced16b5bc994bc7b2293a2c06db054a
IX415EN-swan-s-broadway-praise	1	01_feathers-on-the-floor.mp3	4333927	3749ca4cccef08e78c4bda3fb7314eae23796a1d98648fc9d56b40dd8c7d122b
IX415EN-swan-s-broadway-praise	2	02_i-m-no-ugly-duckling.mp3	4237325	06a0bd7d0941e5a46602f7b59620013d6d3f50e3491081bfd2880a0a40b19dfd
IX415EN-swan-s-broadway-praise	3	03_stage-fright-aint-my-spotlight.mp3	3581881	a5e71d8202ee4f0708d0a39923ad817b3e644fcc3ffc22dd755936607e589892
IX415EN-swan-s-broadway-praise	4	04_phantom-of-swan-lake.mp3	3876171	e77fa05d38f2ecd29384998693025458f4e90da11c8b59156a4bd102a3aa43b8
IX415EN-swan-s-broadway-praise	5	05_waddle-like-you-mean-it.mp3	2511515	87b312c9b43ed9a115f87e36f67781b51d447b8aa423898c2019110386b343b5
IX415EN-swan-s-broadway-praise	6	06_swans-dont-purr-but-we-praise.mp3	3140381	4c8a684457ea2a96358c982b7d2df13a997da21815d9dc2c233e984f4e4c8d9a
IX415EN-swan-s-broadway-praise	7	07_applause-or-amen.mp3	3122205	4581ff53d4b6bca2c3f33721c559db9016530c3815b223287961a9f364c50437
IX415EN-swan-s-broadway-praise	8	08_no-more-miserable-days.mp3	5115511	f2d82846372ea56af2a8ebe1300d829b166dd2433573f1a3630b466b5519805e
IX415EN-swan-s-broadway-praise	9	09_feathers-fringe-faith.mp3	3445693	e2853634080f5f2f48e0ddde9eacdf695f525c9f528a406867d2aa06af3cfc88
IX415EN-swan-s-broadway-praise	10	10_tomorrow-my-lines-will-be-back.mp3	4601311	3bd8752c5ee9ba6ca8aa06b65c7d0279e6512b1e5bfc7a4e5636bef143ef6ed8
IX415EN-swan-s-broadway-praise	11	11_standing-ovation-station.mp3	2744125	712a09fdce0dcfb838391970e4699278c608d36a7c9dae0ee40fd050beb22fb9
IX415EN-swan-s-broadway-praise	12	12_great-feathers-of-fire.mp3	4215969	5c039246e30ae4025b8d40376bfbfebeb298ff1535baefa03d43fa1b5c9f4c02
IX416EN-pigeon-s-mass-choir	1	01_wake-up-piazza-praise.mp3	3357369	3d8b52e2a76bd98b466e05560053c5573203bb19f7c603a10498485b5a49f723
IX416EN-pigeon-s-mass-choir	2	02_special-delivery.mp3	3700363	526f575b63a1ebce63d70ded5baba5306ae74fdf1ad74980e8a9e80b0ac00825
IX416EN-pigeon-s-mass-choir	3	03_cobblestone-gospel-groove.mp3	4269013	b28bb99d9b629847e095a03e80b0ca3fb17fa06fd6df9b8be3945cf21e1db022
IX416EN-pigeon-s-mass-choir	4	04_masquerade-of-praise.mp3	4353171	f2e60650243466fbf5272fd0b3a501e93a7e1180eb7a7f81817bd2e75b4fef1e
IX416EN-pigeon-s-mass-choir	5	05_will-coo-for-pizza.mp3	3280175	1cae41a75b91dcd82d3f9052079028f88329d0559abeb25a61ce42ee4007748f
IX416EN-pigeon-s-mass-choir	6	06_feathered-and-favored.mp3	3179837	f0d0cf8bb344c81a62cf499489d98957a51b53c9980e39ce22accc7740ebb29d
IX416EN-pigeon-s-mass-choir	7	07_gondola-gospel-drop.mp3	4460929	918af492f5909d51ae2ec4fe24826fbc6fcc2444c43c4478101e926e8cb46efa
IX416EN-pigeon-s-mass-choir	8	08_spaghetti-praise-spin.mp3	3922637	8b8bdc37f37ba3963e04b04ea2532193fa3e073d9a944c825c70494a639e408f
IX416EN-pigeon-s-mass-choir	9	09_coo-roo-for-the-rooftops.mp3	3568381	d3284840ef7c502e3daa356ac8d53bfafe3cb641baf397e814d00f40750424bb
IX416EN-pigeon-s-mass-choir	10	10_piazza-praise-explosion.mp3	3255851	09674b5d044604e6ecd7de3af6f396b7792ed79f6f0910abb917de5e27919e16
IX416EN-pigeon-s-mass-choir	11	11_feather-notes-hallelujahs.mp3	3438209	fa35f968de23e17a7a24665bac7bea92219f1aa3b045689c080705fadc56d0a3
IX416EN-pigeon-s-mass-choir	12	12_coo-until-he-comes.mp3	3944975	5180391e619342c13f0598580f91c5fa38eb31354af1d3a4d22779a1a82d2cd5
IX417EN-goat-s-bluegrass-hoedown	1	01_dont-eat-the-banjo-strings.mp3	3231329	fd6c02f40c0759d0326037f11257de6708ad72412a853b1702bff8b683c209fa
IX417EN-goat-s-bluegrass-hoedown	2	02_oops-i-forgot-the-hallelujahs.mp3	5019273	c0472bff901eb82b695c0670569ad78e62c347b5340bb968489ac6a943641edc
IX417EN-goat-s-bluegrass-hoedown	3	03_goat-rodeo-resurrection.mp3	5037643	b5c0dca9f1d51dd90592e10d786b2f5c2f3e0ac04e24f41a7868f216b52807d4
IX417EN-goat-s-bluegrass-hoedown	4	04_no-more-faintin-goats-buckey.mp3	4521613	6d85b65a2f0abd2c8cd1583557945e55f189492a04c8283973d8c48701394492
IX417EN-goat-s-bluegrass-hoedown	5	05_prayer-tower-or-moonshine-still.mp3	5106113	b61d78527d4de5d5b0ef38c715dde15fabf01b5765168f8b47828c9ad3fc98c5
IX417EN-goat-s-bluegrass-hoedown	6	06_baptizin-pigs-in-a-mud-puddle.mp3	3022561	e5be02f00ef44034124dd04cc8bfb79e69d0c583aa5cd9c920809a3c5b25d459
IX417EN-goat-s-bluegrass-hoedown	7	07_outhouse-praise-explosion.mp3	3632319	47dfa63e3e81c088337b007c9a85441c8cef40c727c10709aeb64d29def39ad4
IX417EN-goat-s-bluegrass-hoedown	8	08_i-ate-the-communion-cornbread.mp3	2546759	9da55741f0d8e1604791464fde14089c7f3fab34fe51e6eb046a85ac3f71f1a7
IX417EN-goat-s-bluegrass-hoedown	9	09_dont-milk-the-microphone.mp3	2936367	535170c2447491c9604c6874bb686803b6ff9f806dc7614557971cfaebcb3e58
IX417EN-goat-s-bluegrass-hoedown	10	10_too-much-taffy-in-my-testimony.mp3	3287975	5f5851526686f05a6ec435e1a6f7afd0a9a23720307b11cffc1692b9836b7a0e
IX417EN-goat-s-bluegrass-hoedown	11	11_sock-puppets-named-law-grace.mp3	3147335	8bcee44d12ca993585e030fa9428015b61f9a927f0eb6445d15cdcdf3b06aaeb
IX417EN-goat-s-bluegrass-hoedown	12	12_revival-in-the-outhouse.mp3	3375753	f1bcf626be89d9374c1c7f60a6b84aecca0bbff7abe1005fedb4035bc4dbf4d0
IX418EN-keikis-luau-dolphin	1	01_welcome-to-keikis-luau.mp3	3051059	1ce4a9fef71b44af6f600f9e158973da8456c4daec12646aa00df0f802834f06
IX418EN-keikis-luau-dolphin	2	02_my-splash-is-my-praise.mp3	2644807	dac9f1c3b9d349f5332b5e53d36260657cdb0534e0d5c5bbe37024887ebfee1c
IX418EN-keikis-luau-dolphin	3	03_fishy-snack-blessings.mp3	2388821	3e052f17305f851c8e9d870ca09b05a0ebfa184f78d75b6ac5ee8b5696e5846b
IX418EN-keikis-luau-dolphin	4	04_spin-for-jesus.mp3	2632433	ecd142ec55cb3a768f768cd2194c80c5d3d9232ab5d5af03d357762f6ba4c0f4
IX418EN-keikis-luau-dolphin	5	05_pineapple-praise.mp3	2452125	cf80e2240eee442a74f66e3f54febf2c5b7f0f67658c28b7050f010c5aa9a17e
IX418EN-keikis-luau-dolphin	6	06_keikis-coconut-choir.mp3	2830325	f32783c3d8aef82622044afd1814f996a3248a67b07e39b66000292b94c9a0e5
IX418EN-keikis-luau-dolphin	7	07_splash-for-the-king.mp3	6124129	36092aeb2c1583f42b8873e8783f7701e2f8bf2fb0ee671be509c0927b2a06a3
IX418EN-keikis-luau-dolphin	8	08_hula-for-my-savior.mp3	3801431	9fc9c0d4adc216d4c921057b8416b23fd0651d9a3751cf72add424d5e72bc68a
IX418EN-keikis-luau-dolphin	9	09_jesus-in-the-waves.mp3	4252583	f28be701b0b6ace9f1429dcc4902c3590fd3ad4248f71be770f993f2914818fd
IX418EN-keikis-luau-dolphin	10	10_holy-hibiscus-hop.mp3	2564207	e3f3851946dfd76d955a26d1ca3d04ae5e54b618d1dbadc92a010d08661c96f0
IX418EN-keikis-luau-dolphin	11	11_dancing-with-the-palm-trees.mp3	3853481	8d3f2f4f30ba183ec6b589576e6790ebdf57fec6f53461f2ed96212f63873c54
IX418EN-keikis-luau-dolphin	12	12_keiki-lujah-luau-finale.mp3	3316475	848b12315da80d6c2165099808b768d8f2e81c1401b506776416a6e2c9d69698
IX419EN-gorilla-groove-jam	1	01_boom-a-lujah-begins.mp3	2562819	9b53c0762ddca602f6572e7a76a7a85ebd286c9fe4192fc5940125f09539337e
IX419EN-gorilla-groove-jam	2	02_the-hiss-in-the-hollow.mp3	3466135	0a2abf807207e47b6667f130f96accd285a89ce19f52f3ad82d1521729b52b6a
IX419EN-gorilla-groove-jam	3	03_boomba-vs-the-vines-of-confusion.mp3	4255949	2ed3000af39b20123814b37a9e78f7360539f03adc05b5d1f48ac8014cd2951c
IX419EN-gorilla-groove-jam	4	04_funky-monkey-mind-games.mp3	5396385	54ac3f5522dd101c4eeeb761b68594f928044cffdd9a84f11c3324a0c4fc0aea
IX419EN-gorilla-groove-jam	5	05_banana-peel-battlecry.mp3	4231541	46c2d9e1b461fa3acc3efafed0e74270462a35adc82a3df49f486ebe6ae74517
IX419EN-gorilla-groove-jam	6	06_swingin-through-snake-lies.mp3	3135329	49744fa30dfbf9532c32fe1ac521dc237ca997965b82e493b3be175490cbe442
IX419EN-gorilla-groove-jam	7	07_the-coconut-confrontation.mp3	3734125	a297cd48ffe8543167e09ea986b0a47093b7e56c6e5584961a63828d8b887a4f
IX419EN-gorilla-groove-jam	8	08_the-hiss-terical-talent-show.mp3	6281793	a90571d44040a3f07972e8690f02d93c63699aa7aa50cec156aee65aec3b033d
IX419EN-gorilla-groove-jam	9	09_snake-in-my-smoothie.mp3	2449445	4b0837a97b35ca01f97e635e9bee027c2930d98744d57941be1b3fe8c1628342
IX419EN-gorilla-groove-jam	10	10_the-coconut-countdown.mp3	4515768	66a890315846a433091890c19268593c4113f0c2ecb93805d4ff0149edbff545
IX419EN-gorilla-groove-jam	11	11_the-jungle-got-too-quiet.mp3	6786133	0979d5d2684f24cc3f351c7e258413596e4bb0e7bc74093e432e416dfa3c147b
IX419EN-gorilla-groove-jam	12	12_glorilla-groove-jam.mp3	4480393	a83695325367cc7e06ca7623a29e2041ce504dc4798b4fd5efffb66ba33f4f73
IX420EN-flamingo-fiesta	1	01_shake-a-lujah-rico.mp3	3927723	9690551636a3d77248fac19cbaaa4d73c0b9889c53fbb208c9dc3d0f4aa8537a
IX420EN-flamingo-fiesta	2	02_flap-a-lujah-flyers.mp3	3463923	7731e8100a6e715c66552a693234a7ee01f1043b97ed52a1720fa683b14e29c5
IX420EN-flamingo-fiesta	3	03_cobblestone-hallelujah.mp3	2973175	0ff2e06f03b0d015496ef85197416a59614c16e07e3b9d0720f83772836aa7cd
IX420EN-flamingo-fiesta	4	04_flip-flop-hallelujah.mp3	3076131	c9868026a1e0412f373034188b763778bd88a41e7afd6742a0672ac464d883e1
IX420EN-flamingo-fiesta	5	05_feather-flap-gospel-train.mp3	4041061	fa85f02f60d94538ac69bbdee927451fd6bfd2f5248330e5f666ff849d012167
IX420EN-flamingo-fiesta	6	06_feathers-on-fire.mp3	2946213	7150fa3e7f2f7b9725f0eaf34d5bd57e09c4df949aff21cf1ff5dab475a41e45
IX420EN-flamingo-fiesta	7	07_pink-feathers-in-miami-heat.mp3	3952267	1d9e627a6abbd53559984abf69986182022349780ccef15696ca571fc8e1c3e8
IX420EN-flamingo-fiesta	8	08_flaminglow-for-the-lord.mp3	2689857	2bd16eede0cc7811e5ef8ef5492de346847837f4534b4c4b8e1c72b694cd0324
IX420EN-flamingo-fiesta	9	09_roller-skates-yellow-shades.mp3	3240021	12819b04478ad30340e2dc1f0d6b85a7814480d329deea911c08b391ca43086e
IX420EN-flamingo-fiesta	10	10_strut-with-a-purpose.mp3	3647739	502967ec195e480cb4764101b58cb7f8f400a4a3af727f3dc93424578395edd3
IX420EN-flamingo-fiesta	11	11_pink-flamingos-in-my-front-yard.mp3	3154825	2ccf017673df3433b4c426dff6e060340ff7a6f69f136727b900432b36dcb3dc
IX420EN-flamingo-fiesta	12	12_feathered-finale.mp3	3947037	dde7486cd0be9652454048492b02026d344e6c97eae16651bd40c817491594a0
IX421EN-shark-attack-rave	1	01_i-m-a-veggie-shark-now.mp3	3055831	88cfdab7b90d8d5450644bcb69d0a64ad93085d4592433c084cfcad86c77705b
IX421EN-shark-attack-rave	2	02_scat-a-lujah-splash.mp3	3159603	2fd4fe69303ba308d4d4f960c07a21fea48041018a4c1d2a4ac2a9d111d139c3
IX421EN-shark-attack-rave	3	03_glorys-glitter-gills.mp3	4031189	5d3718b2d50a5cd932b311c93d6e1130171fa31eb708f08215822b058a8b984b
IX421EN-shark-attack-rave	4	04_no-teeth-for-trouble.mp3	2910627	ff27db670d97569d6c54d9ed9bc3099747b90dfcb970ee7689e806545acba08d
IX421EN-shark-attack-rave	5	05_jazz-hands-praise-fins.mp3	3568163	6a14ad5df829f85c0781bc8adc798cd3f18fb88bc3600d882ed4feaf48d8203d
IX421EN-shark-attack-rave	6	06_glory-gills-the-gospel-giggle.mp3	2847817	1d68074a4cb31d190490b254905745cf17c537650d746b69de99635ce87400f6
IX421EN-shark-attack-rave	7	07_deep-sea-decree.mp3	2920315	5cbcc005965abfbe17b0f392c548cb707731d08e6759a220800e5bb709a87f47
IX421EN-shark-attack-rave	8	08_scales-of-justice-jamboree.mp3	3416487	f10a9cf8439312d87d4071bab6cb6e17abf682a5c6db81c2b11a91ff5ad588e8
IX421EN-shark-attack-rave	9	09_bubble-choir-blowout.mp3	2514483	605afec07bf079dc7f4be6f6af719949b31a8de54555cf240832d413a94d38a9
IX421EN-shark-attack-rave	10	10_bubble-baptism-boogie.mp3	3482069	386f4fa442190777f3f4eadd2b58a4b5b62c2f10121428ac3a61910262ab5143
IX421EN-shark-attack-rave	11	11_shark-side-shuffle.mp3	3264863	fef10068b7e29679a9e0b3a368e200a0c09bd87520cfd6dd180d0fbcd8a1c969
IX421EN-shark-attack-rave	12	12_swim-like-the-seas-on-fire.mp3	3141089	076c05d17316f1df480ede50a2a7ec3a711eee03c9105d11ba0bc7cb6ea2fa6b
IX422EN-bloop-bloop	1	01_thump-bump-bloop-bloop.mp3	2364057	5ac01dc6be9a1ffcb3f64af2fd5bd82a2ec3edfcf4b48025118134ee059d7153
IX422EN-bloop-bloop	2	02_bloop-bloop-in-the-sock-drawer.mp3	3020713	abe684c23d17f418f1ae3e8f242d7dbc7a820b5c7533e69b141576b64fb2b9a4
IX422EN-bloop-bloop	3	03_glowy-hiccups-and-belly-snacks.mp3	2630183	a6e1f02f04dcb7a07635c916c32586f04ca11b1e137b2909c3db5ff64276fa24
IX422EN-bloop-bloop	4	04_save-the-bedtime-star.mp3	3396247	0439d544bd74204ad7a8c02e531df9ec4aa00b620531b530d02dec3a6197fb67
IX422EN-bloop-bloop	5	05_blankie-capes-and-stinky-escapes.mp3	3179117	6e261a957a15f9e5bbf03b22680711630541c2a3ad4cae44f24ed0b50df0d5fc
IX422EN-bloop-bloop	6	06_bounce-slide-blanket-ride.mp3	3842659	5b152758cf6ad486695688660672ece22b2488b7e0cdc2113ab610bdbc9aca33
IX422EN-bloop-bloop	7	07_giggly-gnome-parade.mp3	2856531	02acd38a56a643af7c6b5d8a5f382fa9ea872f711ec6014feb469bd1c1fde8cc
IX422EN-bloop-bloop	8	08_the-plaque-pirate-dance.mp3	2815067	4be3c0bc8f4df9890a76d0df5c8852c32fb9e38cca70d8d5ae108d0e882b984a
IX422EN-bloop-bloop	9	09_hiccup-and-glow.mp3	2932555	a2a63bafe294b9bb4a117c31f50b53948313af90883148731986cd37195947b9
IX422EN-bloop-bloop	10	10_bravery-glows-with-a-hic-and-a-pop.mp3	3535089	f602d9fd09c31c52c5772f75787f2ea0a31aaf3e306525d3d871b2f890cbad4f
IX422EN-bloop-bloop	11	11_monster-toboggan-zoom-zoom-song.mp3	2524203	4d7dc74b70ebdce11ae0ea83cd35da570afa5185db65842038571c9c2706fd71
IX422EN-bloop-bloop	12	12_we-did-it-together-now-lets-snooze.mp3	3121525	0bfbf0379f2f54b0bde4db8b765dd56b7ec09b65f29616f4e52cc1cfcc5465bb
IX423EN-bella-s-birthday-bash	1	01_bellas-big-birthday-wiggle.mp3	3596705	7e5f8141cd45a56306b2e1d853790c1fa091ae2f9cd4707ae64b8e82f2baf6b9
IX423EN-bella-s-birthday-bash	2	02_jesus-accepted-my-invitation.mp3	3256435	7b3b616edd5070157ec0a04a37be90ce97be3bc5e5499a390647c98750204254
IX423EN-bella-s-birthday-bash	3	03_puppy-park-praise.mp3	3095853	44abfd68b441b738ffea31c478fc78f4b23e79fbf90d56eb67e3fd5f92c63b68
IX423EN-bella-s-birthday-bash	4	04_my-bark-belongs-to-jesus.mp3	3236195	29783a3fe56f7df3f9a8447f5db3ebdd425ed4fd7674c2959a7b09b2d8e7ec24
IX423EN-bella-s-birthday-bash	5	05_treats-and-truths.mp3	3556557	27eb620b0e642c175d7cdc681b3da26429b1ac33fa06b3c9e15a16291fc8e227
IX423EN-bella-s-birthday-bash	6	06_puppy-treats-in-every-paw.mp3	3112431	1d26f90a92bf605d33b3c088b69789ca38362ade6b7fedfc19dcefe05e366d7d
IX423EN-bella-s-birthday-bash	7	07_dear-god-its-me-bella.mp3	2947307	c7b47bb7a36fc9d056a81698d24e9e8339470fe142d94a34a5cc203226173265
IX423EN-bella-s-birthday-bash	8	08_bubble-trouble-bella.mp3	3181733	7fd65ac3a9b7b16a54914d15399ddd2e265a33e9633c5f05d006e1b86cf242a3
IX423EN-bella-s-birthday-bash	9	09_happy-bark-day-bella.mp3	2656543	5a6f0064e4bd5c23dff0fd34bc02858c3945daf2f323aab293ca77f948208d02
IX423EN-bella-s-birthday-bash	10	10_bellas-double-praise-twirl.mp3	4150721	bd3b8e668e4b0a62eeb8cd5c47b7a665eaa68448af7875c8e15f3e8acb67e6e1
IX423EN-bella-s-birthday-bash	11	11_victory-in-the-wag.mp3	3688343	9d0d98e47ae8c0968f9ae58eacc7d7056b35726bcd0f26282181643568f9bef1
IX423EN-bella-s-birthday-bash	12	12_bellas-birthday-bash.mp3	3290213	ec683898f805347ca89dc59d734b2b8c66e245630d758077bdaadf5208a78348
IX424EN-pixie-s-praise-party	1	01_found-pixie-lujah.mp3	3698999	bfcb54082addeced9805794e3f6907c088530c29eade93166b9bd998f5f3300e
IX424EN-pixie-s-praise-party	2	02_pixie-says-yes.mp3	2952161	934499c09203b1a5d24a1dc283e7f522d0794485046b96c7fd134a2eecd8c911
IX424EN-pixie-s-praise-party	3	03_pixies-tail-wiggle-praise.mp3	2179119	948f0374566d7563ff1bde832d1a1dfb12663b7e2a2e72e8c9d6041dd37267cb
IX424EN-pixie-s-praise-party	4	04_pixies-pinata-praise-party.mp3	3273497	81bb0f3ebc7a91a0ec6bdfd397e4d5d85d0e05b71565a2c7898a966969ea776c
IX424EN-pixie-s-praise-party	5	05_pixies-doggy-dance-off.mp3	2967417	729bdcabf865f0d5051681f63025eac0e603d859ec48c2b96778f6796544633e
IX424EN-pixie-s-praise-party	6	06_chi-hallelujah-pass-the-biscuits.mp3	3197887	da6093823d76dbc6d1dd35364fc1631bc6f9b435be4fed7147e3d4fe0a65d122
IX424EN-pixie-s-praise-party	7	07_pixie-lujah-bark-a-roo.mp3	2893161	dc208f1d1b0bbc51ab09ee4a4d80c6feed97fc12df1bbdb86b52b67e0310f745
IX424EN-pixie-s-praise-party	8	08_pixie-shares-the-party-snacks.mp3	3589525	b8187c00da635d6a0348bb8a7bf43c1a527ebcd020056b1b504b56370022f428
IX424EN-pixie-s-praise-party	9	09_pixie-hears-the-party-call.mp3	2480703	888e7afda4481695199fb52eb3db53f4c4d7011cc2c34020e3977fc7b5643dd4
IX424EN-pixie-s-praise-party	10	10_pixies-share-and-care-bash.mp3	3078931	dcc7c5a02d107cc80cc060ccdc960326c1c6609ff6402664c36dd8754e3cd3e3
IX424EN-pixie-s-praise-party	11	11_jesus-made-me-wiggle.mp3	4211117	5faf157b895755ec21d9f7dd07c360ebd3ba4cd31057bdcb57a403f6c72ee749
IX424EN-pixie-s-praise-party	12	12_pixie-luyah-conga.mp3	3264767	7279d4fb05f06df863ab2fde90a463dc06d124fd11305425799586fafd82ac09
IX425EN-lamb-s-celebration	1	01_come-join-the-lamb-dance.mp3	3719437	fd7311a882e582892178c871d471082a03dcdbba8bc69da4b2f76129edf2439f
IX425EN-lamb-s-celebration	2	02_shofar-shakes-and-shepherd-cakes.mp3	2931987	9de766d5755473bfd5abe1eac32838d839ece7bbc9c6ae431edb77841513c004
IX425EN-lamb-s-celebration	3	03_libi-lujah-in-the-fields.mp3	3495995	f0848b3519413755cdf022261a37d39baab08a5a3a7aacff4a02e8054c7614a0
IX425EN-lamb-s-celebration	4	04_my-little-hooves-go-halle-lamb.mp3	3019129	d208cc701b1aea95adf0b5920a9af5e539ace7d8f85a81dcb602fdd02bd268e4
IX425EN-lamb-s-celebration	5	05_giggling-in-galilee.mp3	3145873	1fd07b1dee53732e734df2c69daf3f5f1ad1e58c1ab95f6c2e67c0cffbb03367
IX425EN-lamb-s-celebration	6	06_shofars-and-sheep-feet.mp3	3070327	2332c0fdb7b9be5b4108caf70c67c4390ed8d365cf9e3f0fd57d867bcf9a165a
IX425EN-lamb-s-celebration	7	07_libis-leaping-psalm.mp3	3355827	e0b7d587e50ca16693c6111997e111159ca25f5854817d4da152dbc16a36a14e
IX425EN-lamb-s-celebration	8	08_dancing-through-the-desert.mp3	2412471	e2e42eaf63b765a7c9b8d9aab2521932199f18a9325b8d99e6beb9eb3288180d
IX425EN-lamb-s-celebration	9	09_dance-beneath-the-fig-tree.mp3	2782959	f1176906dc75205592ec883d56863cca8109b89f189df1737c0777f495c29e23
IX425EN-lamb-s-celebration	10	10_woolly-twirls-of-joy.mp3	2959467	f9d62f11d0ace5aee963a1e02a201bf4bf9f700926bcd6f3b38460718c0a250d
IX425EN-lamb-s-celebration	11	11_libis-leaping-praise.mp3	3810221	eeeb563e4e03e1547735b804e4147c9e9867e7f3ed0c412bfe908940d18f755b
IX425EN-lamb-s-celebration	12	12_libis-festival-dance.mp3	3521165	bfdcd44042f8ce321ee9d8d3cc7c5748029d59a754e14e401444e9641d37a0cf
IX426EN-badger-boogie-beat	1	01_badgers-love-a-good-beat.mp3	2757829	364d202e316b539573596f2774995a44dc15026585e9d56fab913c463c79a118
IX426EN-badger-boogie-beat	2	02_oops-i-boogied-through-the-birthday-cake.mp3	3219383	1aaf37c9bdd6d7b8362a8caa642a8b33f3f47337bfa0ed0a85f6a04793386953
IX426EN-badger-boogie-beat	3	03_oops-i-took-the-offering-basket-bowling.mp3	3380157	683aeba5808b58722aa2e28b9f7cba533ac733e5679f6e280873ac4bb76eb352
IX426EN-badger-boogie-beat	4	04_oops-i-sat-on-the-sound-guy.mp3	3343557	f42e8be2246ef35dd68043967c2f957ccfa35e6a1c10ede77b9e04cf84719de1
IX426EN-badger-boogie-beat	5	05_oops-i-got-stuck-in-the-baptism-tank.mp3	3465135	d41bee70de07c38e725f032dbceb7a49e09d7617e0fdfb028ce07f6ca9b29d4a
IX426EN-badger-boogie-beat	6	06_oops-i-mistook-the-baptism-robe-for-a-napkin.mp3	3923959	d0bdb98670b1da76f26c6dd974954d297b3a7e80f4b5b02947c0f61a7de3806d
IX426EN-badger-boogie-beat	7	07_oops-i-flushed-the-memory-verse.mp3	2614951	3527bd1976faa84cbfd4732a5cf2939ecd371360c09b3cae97d79459b41f6475
IX426EN-badger-boogie-beat	8	08_oops-i-ate-the-worship-flags.mp3	2977583	2f17ec76f11a1d1e3e527122c764a809c84a7b2df6ff27848e3a0299ce7db1b7
IX426EN-badger-boogie-beat	9	09_oops-i-moonwalked-into-the-baptism-pool.mp3	3896301	0aa1bb083d8957611158fca68374d298b8e4203f3bdb77dd87db99ffd280d5fe
IX426EN-badger-boogie-beat	10	10_oops-i-used-grape-juice-for-anointing-oil.mp3	3743233	7078dfaf64d708280991ed8486ee287f6078c91386328a7e77b3c3b0cf762b34
IX426EN-badger-boogie-beat	11	11_oops-i-hugged-the-missionary-mid-sermon.mp3	2830011	fcf9eb83d2c2dbdacdb4976087425bf6d41b3b8a605e578e1c1c71a8b7fd0931
IX426EN-badger-boogie-beat	12	12_oops-i-boogied-through-the-altar-call.mp3	3363569	38cd15b1384e22c3a625862690528ffdd4921e47dd17ab8e21f37d577e3f2087
IX427EN-bat-s-beat-bash	1	01_upside-down-drums.mp3	3173301	6e9e645dc07db66042e3b664610e4ab4dc243fffee2ff7e44e48fe7876df22f9
IX427EN-bat-s-beat-bash	2	02_the-glow-got-stuck-in-my-wiggle.mp3	2975619	a9a4bb14f0a0892f9036b3b8041327b67d37c54068c5542ce559af500f50667c
IX427EN-bat-s-beat-bash	3	03_bathtub-bubbles-and-echo-hiccups.mp3	3401955	27cd208b8b3bee0bc71b7a7ff99d9d886649c1531f03386a2e70a70321bdd514
IX427EN-bat-s-beat-bash	4	04_echoes-in-the-glow-cave.mp3	2339913	e99e6d4d80d6e4c77e3209cd2bf74a340e976c49b232236dabf521332735b2d6
IX427EN-bat-s-beat-bash	5	05_glowstick-tailspin-parade.mp3	3356389	b402d6875bf3908acf4cd6369b61d295e27d63ea49df39d9d3af28c2fe5ec3fe
IX427EN-bat-s-beat-bash	6	06_bouncin-on-the-moonbeams.mp3	3432061	0f91b96131bd8a07a1fc37c971da2034747c7a47de02bc5e22f1530637db24e0
IX427EN-bat-s-beat-bash	7	07_bellyflop-in-the-moonlight.mp3	3500991	113fbc2668957e184daf02a777527200010bb34c0a37bbfe847237864086c2f4
IX427EN-bat-s-beat-bash	8	08_batteries-in-my-bananas.mp3	3629485	929b670045666910d831eb016d37ddbf6689393dca0ae6059b818f8c1439e5ed
IX427EN-bat-s-beat-bash	9	09_bubble-beats-and-bouncin-wings.mp3	3489625	f259ed2887b144440d27e6f4be805c3182cafb28fea7263a2c810015ad714d0d
IX427EN-bat-s-beat-bash	10	10_shadow-shimmy-surprise.mp3	2821401	6719609c639f26161159b6975766eb9897fa4ee88f73048d7e145c8e1d033eef
IX427EN-bat-s-beat-bash	11	11_glow-in-the-gloom.mp3	3954455	785b7b8e150b798c0405b8134a4f4a215d5981ef69ce1da74a0127c6ecbaf6a3
IX427EN-bat-s-beat-bash	12	12_bat-lujah-finale.mp3	2820045	34fdaed4dcb5d2664d6af52a228217c17916d49d0891421090148ae448e13bb5
IX428EN-moose-mambo	1	01_wool-looks-nice-but-its-not-always-right.mp3	5154649	6c72e137c1492670b66c3432dfa3e6273a99b9c345d7718f4429b6545ae5f08a
IX428EN-moose-mambo	2	02_god-likes-my-voice-best.mp3	3320987	c60bdd0d05302f421ada0a37b10debcac4a6d2b20b56dce133163eceefd28ed8
IX428EN-moose-mambo	3	03_sunday-shoes-are-not-for-climbing-trees.mp3	3292703	83aef23a59a42dd0967b0b6ceb0a98f5aa380ccbf5416738ba28d6eafc47538b
IX428EN-moose-mambo	4	04_that-sheeps-not-on-staff.mp3	3588951	615af25e8513165d69bcc927a6499ab08e02f163669d3d1b953b289b600a3bd2
IX428EN-moose-mambo	5	05_the-wiggle-too-much-worship-shuffle.mp3	3391499	f2ccd492d216e3ee3c7e1aed7b2202684556f2973a59262cf1795097b3320187
IX428EN-moose-mambo	6	06_the-offering-envelope-wasnt-a-snack.mp3	3479941	9fb14ba760d2cf78a814321010ec6ff069094520655036ddf8bf67b19823e531
IX428EN-moose-mambo	7	07_the-moose-mamba-is-not-a-worship-move-or-is-it.mp3	3524941	d951190275f99469523fa70e98b5d887fa551fefa229fd07315937f1abb43b4f
IX428EN-moose-mambo	8	08_sheep-shouldnt-sell-autographs.mp3	4251217	215a50162d9e3d4b5114bc604c7d482da6e58cde1e9993d14e8ff6632ad7c806
IX428EN-moose-mambo	9	09_half-a-verse-isnt-enough.mp3	3253719	e8d56e7d92c7b7d3b5638e6c13194efe1879082bebb5ad6d12ba0836cf589fb7
IX428EN-moose-mambo	10	10_moose-mamba-jam.mp3	4502873	82a08b09f2e3c60d800d8f3193dc5039a819297f7759979917c3721f3456b565
IX428EN-moose-mambo	11	11_trusting-gods-timing-the-mooses-big-leap.mp3	4833555	3cf0169c3d93960c2caa1fce3ed0ba0b4248d03660c2c1155a86cc3a64b39193
IX428EN-moose-mambo	12	12_im-a-moose-on-a-mission.mp3	3437411	017987c261f040182b7109c15761afcd1befe5fe0cc81869dade1cfc5d9a3ff5
IX429EN-fireflies-flourish-bright	1	01_glow-in-the-mud-oopsies.mp3	2780697	97ddb10d68db857a317aa55432c19fc2631b667ee5c17cbba5887b5b7fbc0097
IX429EN-fireflies-flourish-bright	1	01_shine-like-a-firefly.mp3	3529899	cc8a9f207f3a236bd847f4a963591b75cec77024255f43a114c99206a024ee01
IX429EN-fireflies-flourish-bright	2	02_glow-lujah-in-the-garden.mp3	3855683	c0468e046d8e8e7f6866a6fec07df4588397daa09bfb636dea9bc2bcd71309eb
IX429EN-fireflies-flourish-bright	2	02_glow-tag-gone-wild.mp3	3020207	5746cbefb24e6856b13156ead286f06aae17d8328638c1cab629af71ddc60048
IX429EN-fireflies-flourish-bright	3	03_sunflower-stretch-smile.mp3	3200245	7d8c1d84b1f0010e0e373108c860a2ccfcc465a645a74034d44d0bb39a4042f5
IX429EN-fireflies-flourish-bright	3	03_tickle-the-tulips.mp3	3482013	1f19fb875ac8949c0385218e855ad452cce6ae254b2bdebcd2fef1d344f1bf85
IX429EN-fireflies-flourish-bright	4	04_glow-school-giggle-lesson.mp3	2698933	86a1ac01cc622d04f496e3072c94a7df87360c8051e7ef72ce62cd9ef69ad731
IX429EN-fireflies-flourish-bright	4	04_kind-words-grow.mp3	4829945	fa3ad96037fb83d9dfa16663c1bfc0de80292ef5b0b331c1cdbeda155c1fd1a7
IX429EN-fireflies-flourish-bright	5	05_healthy-glow-snack-attack.mp3	3524149	6e96f386be2538f92421c7646a2e4824b9658ffec9c4dd9a7c73b4a7dede21f6
IX429EN-fireflies-flourish-bright	5	05_my-joy-jumps-higher.mp3	3584401	58140f7231bdaac2bd49e3891afb645424fdce06fb21badf402a371ae6dc0af1
IX429EN-fireflies-flourish-bright	6	06_piggy-bank-glow-dance.mp3	3262805	f3553e37fac1d95d17fb2e23c546e241e1d940feac65530fdeea4d72db77fa00
IX429EN-fireflies-flourish-bright	6	06_the-garden-of-me.mp3	2528347	4e25c018aef9bcfe5368c8eea800a9c29abd5c741f350bf89949aff2bbfb0677
IX429EN-fireflies-flourish-bright	7	07_faith-glow-forever.mp3	3490799	21ef6da95da1b0e4dd7fdf40bcf71775feef36fc9450137bf82d22e875d7ce5c
IX429EN-fireflies-flourish-bright	7	07_kind-words-grow-wings.mp3	3598061	120626a9594d64f2e93187de598a7ef6e2b4bf719f49f1bebcb418daad6fc73b
IX429EN-fireflies-flourish-bright	8	08_garden-glow-hide-seek.mp3	3705777	6fd293c7a2be87f5b5a1ba8a047f54aaabde30930410f25d69600f51e3d58298
IX429EN-fireflies-flourish-bright	8	08_twirly-twirls-and-thank-you-trails.mp3	3109711	6f98c97eef14e3653f41b3d26677614cbc732795e6f766978b1518d495177633
IX429EN-fireflies-flourish-bright	9	09_fruit-stand-of-the-spirit.mp3	3913717	cef5bc2e770429f779b7decae7c5e63040559dd157f915fecc5e6edd367b65be
IX429EN-fireflies-flourish-bright	9	09_starry-sky-praise-jam.mp3	4252613	ab60d67b8f0f449f88b46fdf648df656f936d65e6f413f7b03af2ec7342b4fc5
IX429EN-fireflies-flourish-bright	10	10_garden-of-flourish-friends.mp3	3254631	17b9439d11a7277a457b4e4b781857ca29853699f6ddaa1f6b032176b2c7143e
IX429EN-fireflies-flourish-bright	10	10_shine-your-light-even-at-night.mp3	5573667	a2e18f40c3a91cd3ae3f4b149bfc78bae5098b35720c2bccfef5eea69869b2b0
IX429EN-fireflies-flourish-bright	11	11_firefly-fiesta-of-flourish.mp3	3329247	7c172d130899833c39b73b21cc2671fa61ea0a624dc3656255b6dfceb4bd0a34
IX429EN-fireflies-flourish-bright	11	11_lunas-midnight-worship-dance.mp3	4098405	67e1c0fe84315a29861e337623f0d98c04c603b9782d838fdf3b75c1c04d0753
IX429EN-fireflies-flourish-bright	12	12_glow-lujah-garden-parade.mp3	4359275	04b81589adb03226ed23eabe30a8e951780a2331ff13e326eb1c0e23d6ac18a0
IX429EN-fireflies-flourish-bright	12	12_little-fireflies-shine-bright.mp3	3531717	86d1828077a0f6e343a80381a57da1f8bb5d0864d5e50d6f016c1cebab51030a
IX430EN-nala-the-donkey	1	01_just-a-little-donkey.mp3	3484563	d73c077941ba9e3464ef387b9ad4a40ba997084d2e316003fc19c058a28a8578
IX430EN-nala-the-donkey	2	02_god-picked-me.mp3	4758135	a8cae68efe29e167cf7a61ed8b7328736c727ac2a75417f3c98f09edfb459be6
IX430EN-nala-the-donkey	3	03_one-step-at-a-time.mp3	4423823	5a0c8a53676c102d32c49f69cf918cd9eea2c7043c0caa058b3b5f556ebe5c70
IX430EN-nala-the-donkey	4	04_no-room-for-the-king.mp3	6263401	a848843ce88199d6a5e16026ce397674f3a58137361883c3061b6317f94a164b
IX430EN-nala-the-donkey	4	04_they-dont-see-what-i-carry.mp3	2787473	42e7d39085b86a1a6ba043c6392956a10aa5fc2273ec29cb54de572412dada61
IX430EN-nala-the-donkey	5	05_no-room-for-the-king-2.mp3	6263401	a848843ce88199d6a5e16026ce397674f3a58137361883c3061b6317f94a164b
IX430EN-nala-the-donkey	5	05_no-room-for-the-king.mp3	6263401	a848843ce88199d6a5e16026ce397674f3a58137361883c3061b6317f94a164b
IX430EN-nala-the-donkey	6	06_heaven-entered-through-a-stable-door.mp3	6645803	e2be7b7bb748989b72e2a1b42a493789fa5a889464a9c585de36074272a903ed
IX430EN-nala-the-donkey	6	06_lamb-among-the-lambs.mp3	5746899	db8111d463fb64765e881b13e384ffbb476aca7124f117b456a82d965bf3ce4c
IX430EN-nala-the-donkey	7	07_the-world-stopped-turning.mp3	6220645	9b52e76357791c69a3bb18871c5fb462744065a07f7043af71306140a24b1385
IX430EN-nala-the-donkey	8	08_the-chosen-one.mp3	7250865	de46c8bb7906bbf28f9bcfa2017172423d1503cacd2c3a78eb705c1c7f5ede4c
IX430EN-nala-the-donkey	8	08_the-cry-that-changed-everything.mp3	5850385	ca0b65a99bb3eefabf3fc6df74e64b8d5cb4bbe49345e238d6993906500a8a64
IX430EN-nala-the-donkey	9	09_a-manger-for-a-king.mp3	4595905	2dc0257bd68c57a073bb31901795edb59c5c18895f3609692a14cfe78c655dae
IX430EN-nala-the-donkey	9	09_the-feeding-trough.mp3	6592751	87fc075fa8bde29e68adeb1ca5837b283f6bbc026e8418646548d9d917189ab5
IX430EN-nala-the-donkey	10	10_the-nobodies-got-invited-first.mp3	3983159	024976b69e0a4bb3b1081b566f6ec4712c2012b3f99053395c8812125d15cfe8
IX430EN-nala-the-donkey	11	11_i-used-to-think-now-i-know.mp3	4945075	d838f5f47179e67db97dbaf41637fcf6f243915828da0b560d2503f34257ffe3
IX430EN-nala-the-donkey	12	12_your-turn-now.mp3	5124709	a9361765e1a48e2767fb4183547e9f8bb821211eda0ce368a9f91055651cefcf
